Date,Rainfall,Rainfall_3Day,Rainfall_7Day,Flood
2010-01-04,1.0,,,0
2010-02-12,3.0,,,0
2010-02-23,2.5,6.5,,0
2010-06-04,7.0,12.5,,0
2010-06-16,9.6,19.1,,0
2010-06-22,4.0,20.6,,0
2010-06-25,34.0,47.6,61.1,0
2010-06-26,15.62857143,53.62857143,75.72857143,0
2010-06-27,1.0,50.62857143,73.72857143,0
2010-06-28,11.42857143,28.05714286,82.65714286,0
2010-06-29,5.0,17.42857143,80.65714286,0
2010-07-02,14.66666667,31.0952381,85.72380953,0
2010-07-03,26.33333333,46.0,108.0571429,0
2010-07-04,21.95555556,62.95555556,96.01269842,0
2010-07-05,18.0,66.28888889,98.38412699,0
2010-07-08,11.28571429,51.24126985,108.6698413,0
2010-07-09,8.5,37.78571429,105.7412699,0
2010-07-10,18.0,37.78571429,118.7412699,0
2010-07-11,6.0,32.5,110.0746032,0
2010-07-15,7.414285714,31.41428571,91.15555556,0
2010-07-16,8.18,21.59428571,77.38,0
2010-07-17,4.76,20.35428571,64.14,0
2010-07-18,15.44,28.38,68.29428571,0
2010-07-19,7.25,27.45,67.04428571,0
2010-07-20,2.0,24.69,51.04428571,0
2010-07-22,23.875,33.125,68.91928571,0
2010-07-23,15.56,41.435,77.065,0
2010-07-26,10.85,50.285,79.735,0
2010-07-27,29.42222222,55.83222222,104.3972222,0
2010-07-28,2.9,43.17222222,91.85722222,0
2010-07-29,5.5,37.82222222,90.10722222,0
2010-07-31,23.9875,32.3875,112.0947222,0
2010-08-01,18.94285714,48.43035714,107.1625794,0
2010-08-02,5.083333333,48.01369047,96.68591269,0
2010-08-03,33.9375,57.96369047,119.7734127,1
2010-08-04,14.85,53.87083333,105.2011905,1
2010-08-05,2.5,51.2875,104.8011905,1
2010-08-06,3.75,21.1,103.0511905,0
2010-08-07,16.0,22.25,95.06369047,0
2010-08-08,17.36,37.11,93.48083333,0
2010-08-10,9.25,42.61,97.6475,0
2010-08-11,2.25,28.86,65.96,0
2010-08-12,13.2,24.7,64.31,0
2010-08-13,17.14444444,32.59444444,78.95444444,0
2010-08-14,17.98888889,48.33333333,93.19333333,0
2010-08-15,3.75,38.88333333,80.94333333,0
2010-08-16,35.0,56.73888889,98.58333333,0
2010-08-17,31.75,70.5,121.0833333,0
2010-08-18,6.666666667,73.41666667,125.5,0
2010-08-19,23.92857143,62.3452381,136.2285714,0
2010-08-20,16.75555556,47.35079366,135.8396825,0
2010-08-21,22.75555556,63.43968255,140.6063492,0
2010-08-22,18.0,57.51111112,154.8563492,0
2010-08-23,1.0,41.75555556,120.8563492,0
2010-08-24,6.0,25.0,95.10634922,0
2010-08-25,14.66666667,21.66666667,103.1063492,0
2010-08-26,10.8,31.46666667,89.97777779,0
2010-08-27,26.725,52.19166667,99.94722223,0
2010-08-29,4.6,42.125,81.79166667,0
2010-08-30,6.25,37.575,70.04166667,0
2010-08-31,8.6,19.45,77.64166667,0
2010-09-01,20.8875,35.7375,92.52916667,0
2010-09-02,7.0,36.4875,84.8625,0
2010-09-04,22.14285714,50.03035714,96.20535714,0
2010-09-05,15.96,45.10285714,85.44035714,1
2010-09-06,29.41428571,67.51714285,110.2546429,1
2010-09-07,4.0,49.37428571,108.0046429,1
2010-09-08,13.82857143,47.24285714,113.2332143,1
2010-09-09,8.5,26.32857143,100.8457143,1
2010-09-10,8.466666667,30.7952381,102.3123809,0
2010-09-11,2.25,19.21666667,82.41952381,0
2010-09-13,6.333333333,17.05,72.79285714,0
2010-09-15,16.5,25.08333333,59.87857143,0
2010-09-16,3.866666667,26.7,59.7452381,0
2010-09-20,3.833333333,24.2,49.75,0
2010-09-21,7.25,14.95,48.5,0
2010-11-09,2.0,13.08333333,42.03333333,0
2010-11-10,6.0,15.25,45.78333333,0
2010-11-12,3.0,11.0,42.45,0
2010-11-13,16.66666667,25.66666667,42.61666667,0
2010-11-15,9.0,28.66666667,47.75,0
2010-11-16,17.05555556,42.72222223,60.97222223,0
2010-11-17,18.5,44.55555556,72.22222223,0
2010-11-18,10.4,45.95555556,80.62222223,0
2010-11-19,2.0,30.9,76.62222223,0
2010-11-23,3.666666667,16.06666667,77.2888889,0
2010-11-24,3.625,9.291666667,64.24722223,0
2010-11-25,6.0625,13.35416667,61.30972223,0
2010-11-26,2.0,11.6875,46.25416667,0
2010-12-30,3.5,11.5625,31.25416667,0
2010-12-31,2.0,7.5,22.85416667,0
2011-02-16,9.875,15.375,30.72916667,0
2011-05-15,4.0,15.875,31.0625,0
2011-05-19,2.0,15.875,29.4375,0
2011-05-28,6.0,12.0,29.375,0
2011-06-03,4.0,12.0,31.375,0
2011-06-09,4.0,14.0,31.875,0
2011-06-10,8.733333333,16.73333333,38.60833333,0
2011-06-13,8.15,20.88333333,36.88333333,0
2011-06-15,16.0,32.88333333,48.88333333,0
2011-06-16,4.8,28.95,51.68333333,0
2011-06-19,19.33333333,40.13333333,65.01666666,0
2011-06-21,14.8,38.93333333,75.81666666,0
2011-06-22,11.0,45.13333333,82.81666666,0
2011-06-23,101.75,127.55,175.8333333,0
2011-06-24,102.1666667,214.9166667,269.85,0
2011-06-25,27.2,231.1166667,281.05,0
2011-06-26,31.41666667,160.7833334,307.6666667,0
2011-06-27,9.666666667,68.28333334,298.0,0
2011-06-28,24.16666667,65.25000001,307.3666667,0
2011-06-29,102.0833333,135.9166666,398.45,0
2011-07-05,4.5,130.75,301.2,0
2011-07-06,11.125,117.7083333,210.1583333,0
2011-07-09,14.0,29.625,196.9583333,0
2011-07-10,9.75,34.875,175.2916666,0
2011-07-12,12.61666667,36.36666667,178.2416666,0
2011-07-14,3.825,26.19166667,157.9,0
2011-07-16,15.01666667,31.45833334,70.83333334,0
2011-07-18,19.33333333,38.175,85.66666667,0
2011-07-20,75.38333333,109.7333333,149.925,0
2011-07-23,12.83333333,107.55,148.7583333,0
2011-07-24,23.5,111.7166667,162.5083333,0
2011-07-25,1.666666667,38.0,151.5583333,0
2011-07-28,1.0,26.16666667,148.7333333,0
2011-07-29,24.125,26.79166667,157.8416667,0
2011-07-30,38.16666667,63.29166667,176.675,0
2011-07-31,16.33333333,78.625,117.625,0
2011-08-01,18.5,73.0,123.2916667,0
2011-08-02,1.0,35.83333333,100.7916667,0
2011-08-04,34.23333333,53.73333333,133.3583333,0
2011-08-05,12.7,47.93333333,145.0583333,0
2011-08-06,6.625,53.55833333,127.5583333,0
2011-08-07,60.91666667,80.24166667,150.3083333,0
2011-08-08,34.91666667,102.4583333,168.8916667,0
2011-08-09,16.0,111.8333333,166.3916667,0
2011-08-10,14.875,65.79166667,180.2666667,0
2011-08-11,1.0,31.875,147.0333333,0
2011-08-15,15.3,31.175,149.6333333,0
2011-08-17,8.44,24.74,151.4483333,0
2011-08-19,21.8,45.54,112.3316667,0
2011-08-20,7.52,37.76,84.935,0
2011-08-21,12.66666667,41.98666667,81.60166667,0
2011-08-22,2.5,22.68666667,69.22666667,0
2011-08-24,19.0,34.16666667,87.22666667,1
2011-08-25,21.66666667,43.16666667,93.59333334,1
2011-08-26,8.433333333,49.1,93.58666667,0
2011-08-27,44.8,74.9,116.5866667,0
2011-08-28,11.66666667,64.9,120.7333333,0
2011-08-30,17.6,74.06666667,125.6666667,0
2011-08-31,19.48333333,48.75,142.65,0
2011-09-01,7.125,44.20833333,130.775,0
2011-09-02,9.7,36.30833333,118.8083333,0
2011-09-03,16.75,33.575,127.125,0
2011-09-04,24.16666667,50.61666667,106.4916667,0
2011-09-05,22.5,63.41666667,117.325,0
2011-09-06,16.75,63.41666667,116.475,0
2011-09-07,1.0,40.25,97.99166667,0
2011-09-09,2.333333333,20.08333333,93.2,0
2011-09-10,4.0,7.333333333,87.5,0
2011-09-11,16.0,22.33333333,86.75,0
2011-09-12,24.41666667,44.41666667,87.0,0
2011-09-14,5.0,45.41666667,69.5,1
2011-09-16,28.5,57.91666667,81.25,1
2011-09-17,14.6,48.1,94.85,1
2011-09-20,1.5,44.6,94.01666667,0
2011-09-21,11.0,27.1,101.0166667,0
2012-01-01,10.5,23.0,95.51666667,0
2012-04-12,4.0,25.5,75.1,0
2012-04-13,4.666666667,19.16666667,74.76666667,0
2012-04-14,3.875,12.54166667,50.14166667,0
2012-04-15,4.0,12.54166667,39.54166667,0
2012-05-04,10.0,17.875,48.04166667,0
2012-05-08,22.2,36.2,59.24166667,0
2012-05-09,5.833333333,38.03333333,54.575,0
2012-05-11,1.0,29.03333333,51.575,0
2012-05-12,5.0,11.83333333,51.90833333,0
2012-05-14,7.75,13.75,55.78333333,0
2012-05-19,4.5,17.25,56.28333333,0
2012-06-05,6.0,18.25,52.28333333,0
2012-06-06,13.0,23.5,43.08333333,0
2012-06-07,8.875,27.875,46.125,0
2012-06-08,1.0,22.875,46.125,0
2012-06-12,5.666666667,15.54166667,46.79166667,0
2012-06-13,4.0,10.66666667,43.04166667,0
2012-06-16,6.0,15.66666667,44.54166667,0
2012-06-17,11.0,21.0,49.54166667,0
2012-06-20,11.0,28.0,47.54166667,0
2012-07-01,16.0,38.0,54.66666667,0
2012-07-04,1.5,28.5,55.16666667,0
2012-07-05,39.16666667,56.66666667,88.66666667,0
2012-07-06,16.66666667,57.33333334,101.3333333,0
2012-07-07,22.91666667,78.75000001,118.25,0
2012-07-09,12.4,51.98333334,119.65,0
2012-07-10,14.8,50.11666667,123.45,0
2012-07-11,18.16666667,45.36666667,125.6166667,0
2012-07-12,1.0,33.96666667,125.1166667,0
2012-07-14,4.0,23.16666667,89.95000001,0
2012-07-16,3.0,8.0,76.28333334,0
2012-07-17,14.0,21.0,67.36666667,0
2012-07-18,8.25,25.25,63.21666667,0
2012-07-22,18.8,41.05,67.21666667,0
2012-07-23,17.0,44.05,66.05,0
2012-07-24,17.33333333,53.13333333,82.38333333,0
2012-07-28,4.6,38.93333333,82.98333333,0
2012-07-29,11.16666667,33.1,91.15,0
2012-07-30,3.666666667,19.43333334,80.81666667,0
2012-07-31,4.2,19.03333334,76.76666667,0
2012-08-01,11.36,19.22666667,69.32666667,0
2012-08-07,4.666666667,20.22666667,56.99333333,0
2012-08-08,11.8,27.82666667,51.46,0
2012-08-09,12.4,28.86666667,59.26,0
2012-08-10,54.66666667,78.86666667,102.76,0
2012-08-11,33.2,100.2666667,132.2933333,0
2012-08-12,43.2,131.0666667,171.2933333,0
2012-08-13,8.0,84.4,167.9333333,0
2012-08-14,9.333333333,60.53333333,172.6,0
2012-08-15,6.55,23.88333333,167.35,0
2012-08-16,20.33333333,36.21666666,175.2833333,0
2012-08-17,10.0,36.88333333,130.6166667,0
2012-08-20,3.0,33.33333333,100.4166667,0
2012-08-21,22.66666667,35.66666667,79.88333333,0
2012-08-22,21.63333333,47.3,93.51666666,0
2012-08-23,2.0,46.3,86.18333333,0
2012-08-26,9.25,32.88333333,88.88333333,0
2012-08-27,11.66666667,22.91666667,80.21666667,1
2012-08-28,7.0,27.91666667,77.21666667,0
2012-08-30,5.5,24.16666667,79.71666667,0
2012-08-31,3.0,15.5,60.05,0
2012-09-03,14.66666667,23.16666667,53.08333334,0
2012-09-04,29.0,46.66666667,80.08333334,0
2012-09-05,23.0,66.66666667,93.83333334,0
2012-09-06,4.5,56.5,86.66666667,0
2012-09-07,19.83333333,47.33333333,99.5,0
2012-09-08,7.0,31.33333333,101.0,0
2012-09-09,10.0,36.83333333,108.0,0
2012-09-11,20.16666667,37.16666667,113.5,0
2012-09-12,10.83333333,41.0,95.33333333,0
2012-09-13,16.66666667,47.66666667,89.0,0
2012-09-16,5.0,32.5,89.5,0
2012-09-21,6.5,28.16666667,76.16666667,0
2013-02-15,7.333333333,18.83333333,76.5,0
2013-02-16,8.666666667,22.5,75.16666667,0
2013-02-17,6.5,22.5,61.5,0
2013-02-24,1.0,16.16666667,51.66666667,0
2013-03-17,1.5,9.0,36.5,0
2013-04-22,3.0,5.5,34.5,0
2013-05-13,8.0,12.5,36.0,0
2013-06-03,3.0,14.0,31.66666667,0
2013-06-05,2.0,13.0,25.0,0
2013-06-07,21.75,26.75,40.25,0
2013-06-08,24.33333333,48.08333333,63.58333333,0
2013-06-09,15.0,61.08333333,77.08333333,0
2013-06-10,4.0,43.33333333,78.08333333,0
2013-06-12,12.16666667,31.16666667,82.25,0
2013-06-13,11.0,27.16666667,90.25,0
2013-06-14,6.0,29.16666667,94.25,0
2013-06-16,4.5,21.5,77.0,0
2013-06-17,16.6,27.1,69.26666667,0
2013-06-18,21.66666667,42.76666667,75.93333334,0
2013-06-19,24.25,62.51666667,96.18333334,0
2013-06-20,2.5,48.41666667,86.51666667,0
2013-06-21,1.933333333,28.68333333,77.45,0
2013-06-23,8.8,13.23333333,80.25,0
2013-06-24,7.2,17.93333333,82.95,0
2013-06-25,10.5,26.5,76.85,0
2013-06-26,17.0,34.7,72.18333333,0
2013-06-27,25.0,52.5,72.93333333,0
2013-06-28,33.0,75.0,103.4333333,0
2013-07-02,28.33333333,86.33333333,129.8333333,0
2013-07-03,21.0,82.33333333,142.0333333,0
2013-07-04,24.75,74.08333333,159.5833333,0
2013-07-05,4.5,50.25,153.5833333,0
2013-07-06,14.4,43.65,150.9833333,0
2013-07-07,3.0,21.9,128.9833333,0
2013-07-08,3.0,20.4,98.98333333,0
2013-07-09,14.75,20.75,85.4,0
2013-07-10,5.6,23.35,70.0,0
2013-07-11,17.83333333,38.18333333,63.08333333,0
2013-07-12,10.5,33.93333333,69.08333333,0
2013-07-13,2.333333333,30.66666666,57.01666666,0
2013-07-14,3.833333333,16.66666667,57.85,0
2013-07-15,3.166666667,9.333333333,58.01666666,0
2013-07-16,9.666666667,16.66666667,52.93333333,0
2013-07-18,15.2,28.03333333,62.53333333,0
2013-07-19,7.2,32.06666667,51.9,0
2013-07-20,26.66666667,49.06666667,68.06666667,0
2013-07-21,19.33333333,53.2,85.06666667,0
2013-07-22,35.66666667,81.66666667,116.9,0
2013-07-23,24.6,79.6,138.3333333,0
2013-07-24,5.8,66.06666667,134.4666667,0
2013-07-25,13.66666667,44.06666667,132.9333333,0
2013-07-26,32.6,52.06666667,158.3333333,0
2013-07-27,29.0,75.26666667,160.6666667,0
2013-07-28,31.33333333,92.93333333,172.6666667,0
2013-07-29,82.83333333,143.1666667,219.8333333,0
2013-07-30,11.16666667,125.3333333,206.4,0
2013-07-31,13.2,107.2,213.8,0
2013-08-01,29.33333333,53.7,229.4666667,0
2013-08-02,15.6,58.13333333,212.4666667,0
2013-08-03,20.0,64.93333333,203.4666667,0
2013-08-04,8.0,43.6,180.1333333,0
2013-08-05,12.33333333,40.33333333,109.6333333,0
2013-08-06,41.0,61.33333333,139.4666667,0
2013-08-07,16.5,69.83333333,142.7666667,0
2013-08-08,9.666666667,67.16666667,123.1,0
2013-08-09,29.66666667,55.83333334,137.1666667,0
2013-08-10,58.0,97.33333334,175.1666667,0
2013-08-11,15.83333333,103.5,183.0,0
2013-08-12,8.4,82.23333333,179.0666667,0
2013-08-13,31.0,55.23333333,169.0666667,0
2013-08-14,16.75,56.15,169.3166667,0
2013-08-15,5.0,52.75,164.65,0
2013-08-17,3.75,25.5,138.7333333,0
2013-08-18,13.0,21.75,93.73333333,0
2013-08-19,5.166666667,21.91666667,83.06666667,0
2013-08-20,49.5,67.66666667,124.1666667,1
2013-08-21,32.66666667,87.33333334,125.8333333,1
2013-08-23,6.333333333,88.5,115.4166667,1
2013-08-24,7.0,46.0,117.4166667,0
2013-08-25,17.75,31.08333333,131.4166667,1
2013-08-26,8.0,32.75,126.4166667,0
2013-09-01,2.0,27.75,123.25,0
2013-09-02,12.0,22.0,85.75,0
2013-09-14,4.5,18.5,57.58333333,0
2013-09-17,4.0,20.5,55.25,0
2013-09-21,13.25,21.75,61.5,0
2013-09-22,17.5,34.75,61.25,0
2013-09-23,15.0,45.75,68.25,0
2013-09-24,27.0,59.5,93.25,0
2013-10-01,13.0,55.0,94.25,0
2013-10-02,6.0,46.0,95.75,0
2013-10-05,12.0,31.0,103.75,0
2013-10-06,28.0,46.0,118.5,0
2013-10-09,58.0,98.0,159.0,0
2013-10-10,4.0,90.0,148.0,0
2013-10-12,5.0,67.0,126.0,0
2013-10-13,12.5,21.5,125.5,0
2013-10-14,1.0,18.5,120.5,0
2013-10-15,3.0,16.5,111.5,0
2013-11-07,10.0,14.0,93.5,0
2013-11-12,1.0,14.0,36.5,0
2013-11-13,5.0,16.0,37.5,0
2013-11-14,2.0,8.0,34.5,0
2013-11-15,7.0,14.0,29.0,0
2013-11-16,12.0,21.0,40.0,0
2013-12-27,5.0,24.0,42.0,0
2013-12-28,4.0,21.0,36.0,0
2013-12-30,3.0,12.0,38.0,0
2013-12-31,10.0,17.0,43.0,0
2014-01-05,11.66666667,24.66666667,52.66666667,0
2014-01-12,4.0,25.66666667,49.66666667,0
2014-01-13,5.0,20.66666667,42.66666667,0
2014-01-14,2.0,11.0,39.66666667,0
2014-01-21,7.0,14.0,42.66666667,0
2014-01-22,25.25,34.25,64.91666667,0
2014-01-23,15.33333333,47.58333333,70.25,0
2014-02-15,2.0,42.58333333,60.58333333,0
2014-02-16,12.0,29.33333333,68.58333333,0
2014-02-21,3.0,17.0,66.58333333,0
2014-02-22,4.0,19.0,68.58333333,0
2014-02-26,4.75,11.75,66.33333333,0
2014-02-27,10.0,18.75,51.08333333,0
2014-02-28,4.75,19.5,40.5,0
2014-03-15,7.0,21.75,45.5,0
2014-03-16,12.0,23.75,45.5,0
2014-04-12,4.0,23.0,46.5,0
2014-04-13,5.0,21.0,47.5,0
2014-04-14,2.0,11.0,44.75,0
2014-04-15,7.0,14.0,41.75,0
2014-04-16,12.0,21.0,49.0,0
2014-04-19,7.333333333,26.33333333,49.33333333,0
2014-04-20,3.0,22.33333333,40.33333333,0
2014-05-05,1.0,11.33333333,37.33333333,0
2014-05-12,3.0,7.0,35.33333333,0
2014-05-13,14.0,18.0,47.33333333,0
2014-05-14,5.0,22.0,45.33333333,0
2014-06-12,21.0,40.0,54.33333333,0
2014-06-13,2.0,28.0,49.0,0
2014-06-19,23.5,46.5,69.5,0
2014-06-23,2.0,27.5,70.5,0
2014-06-24,6.0,31.5,73.5,0
2014-06-28,2.666666667,10.66666667,62.16666667,0
2014-07-12,2.0,10.66666667,59.16666667,0
2014-07-14,20.64,25.30666667,58.80666667,0
2014-07-15,4.0,26.64,60.80666667,0
2014-07-16,9.5,34.14,46.80666667,0
2014-07-17,7.75,21.25,52.55666667,0
2014-07-18,34.4,51.65,80.95666667,0
2014-07-19,6.5,48.65,84.79,0
2014-07-20,10.46666667,51.36666667,93.25666667,0
2014-07-21,3.2,20.16666667,75.81666667,0
2014-07-22,3.4,17.06666667,75.21666667,0
2014-07-23,27.5,34.1,93.21666667,0
2014-07-24,2.0,32.9,87.46666667,0
2014-07-25,2.0,31.5,55.06666667,0
2014-07-26,3.25,7.25,51.81666667,0
2014-07-27,29.6,34.85,70.95,0
2014-07-28,38.33333333,71.18333333,106.0833333,0
2014-07-29,23.16666667,91.1,125.85,0
2014-07-30,2.0,63.5,100.35,0
2014-08-01,14.0,39.16666667,112.35,0
2014-08-02,16.5,32.5,126.85,0
2014-08-04,3.0,33.5,126.6,0
2014-08-05,24.83333333,44.33333333,121.8333333,0
2014-08-06,67.83333333,95.66666666,151.3333333,0
2014-08-07,118.5,211.1666667,246.6666667,1
2014-08-08,36.16666667,222.5,280.8333333,1
2014-08-09,6.333333333,161.0,273.1666667,0
2014-08-10,2.6,45.1,259.2666667,0
2014-08-11,7.666666667,16.6,263.9333333,0
2014-08-12,40.0,50.26666667,279.1,0
2014-08-13,24.33333333,72.0,235.6,0
2014-08-17,2.0,66.33333333,119.1,0
2014-08-18,10.0,36.33333333,92.93333333,0
2014-08-19,96.0,108.0,182.6,0
2014-08-31,7.4,113.4,187.4,0
2014-09-01,10.66666667,114.0666667,190.4,0
2014-09-02,3.5,21.56666667,153.9,0
2014-09-03,16.5,30.66666667,146.0666667,0
2014-09-04,5.6,25.6,149.6666667,0
2014-09-05,1.0,23.1,140.6666667,0
2014-09-07,2.5,9.1,47.16666667,0
2014-09-08,21.83333333,25.33333333,61.6,0
2014-09-09,13.4,37.73333333,64.33333333,0
2014-09-10,9.0,44.23333333,69.83333333,0
2014-09-11,5.5,27.9,58.83333333,0
2014-09-12,2.25,16.75,55.48333333,0
2014-09-13,3.0,10.75,57.48333333,0
2014-12-12,18.0,23.25,72.98333333,0
2014-12-15,1.0,22.0,52.15,0
2015-01-01,15.0,34.0,53.75,0
2015-01-03,2.0,18.0,46.75,0
2015-01-04,3.0,20.0,44.25,0
2015-01-15,7.0,12.0,49.0,0
2015-01-16,12.0,22.0,58.0,0
2015-01-22,13.66666667,32.66666667,53.66666667,0
2015-01-23,4.0,29.66666667,56.66666667,0
2015-01-26,4.0,21.66666667,45.66666667,0
2015-01-28,3.0,11.0,46.66666667,0
2015-02-01,15.0,22.0,58.66666667,0
2015-02-07,10.5,28.5,62.16666667,0
2015-03-01,5.0,30.5,55.16666667,0
2015-03-02,31.8,47.3,73.3,0
2015-03-03,3.0,39.8,72.3,0
2015-03-13,25.0,59.8,93.3,0
2015-03-15,34.0,62.0,124.3,0
2015-03-16,13.25,72.25,122.55,0
2015-04-07,6.5,53.75,118.55,0
2015-04-12,9.0,28.75,122.55,0
2015-04-14,2.0,17.5,92.75,0
2015-04-16,1.0,12.0,90.75,0
2015-04-17,1.0,4.0,66.75,0
2015-06-11,2.0,4.0,34.75,0
2015-06-12,7.25,10.25,28.75,0
2015-06-13,3.0,12.25,25.25,0
2015-06-14,11.0,21.25,27.25,0
2015-06-15,8.0,22.0,33.25,0
2015-06-16,16.0,35.0,48.25,0
2015-06-18,25.0,49.0,72.25,0
2015-06-21,5.0,46.0,75.25,0
2015-06-22,4.0,34.0,72.0,0
2015-06-23,4.0,13.0,73.0,0
2015-06-24,7.0,15.0,69.0,0
2015-06-25,22.0,33.0,83.0,0
2015-06-26,16.8,45.8,83.8,0
2015-06-28,2.0,40.8,60.8,0
2015-06-29,10.0,28.8,65.8,0
2015-06-30,28.0,40.0,89.8,0
2015-07-01,9.5,47.5,95.3,0
2015-07-03,9.0,46.5,97.3,0
2015-07-09,17.83333333,36.33333333,93.13333333,0
2015-07-10,22.3,49.13333333,98.63333333,0
2015-07-11,30.83333333,70.96666666,127.4666667,0
2015-07-12,15.0,68.13333333,132.4666667,0
2015-07-13,4.666666667,50.5,109.1333333,0
2015-07-14,6.0,25.66666667,105.6333333,0
2015-07-18,11.5,22.16666667,108.1333333,0
2015-07-19,9.5,27.0,99.8,0
2015-07-20,5.166666667,26.16666667,82.66666666,0
2015-07-21,3.333333333,18.0,55.16666667,0
2015-07-22,55.66666667,64.16666667,95.83333334,0
2015-07-23,8.0,67.0,99.16666667,0
2015-07-24,24.6,88.26666667,117.7666667,0
2015-07-25,18.16666667,50.76666667,124.4333333,0
2015-07-26,49.83333333,92.6,164.7666667,0
2015-07-27,41.83333333,109.8333333,201.4333333,0
2015-07-28,9.0,100.6666667,207.1,1
2015-07-29,9.333333333,60.16666666,160.7666667,1
2015-08-01,1.0,19.33333333,153.7666667,0
2015-08-02,2.0,12.33333333,131.1666667,0
2015-08-03,4.0,7.0,117.0,0
2015-08-04,10.0,16.0,77.16666666,0
2015-08-05,10.0,24.0,45.33333333,0
2015-08-06,36.0,56.0,72.33333333,0
2015-08-08,5.0,51.0,68.0,0
2015-08-09,1.0,42.0,68.0,0
2015-08-10,57.83333333,63.83333333,123.8333333,0
2015-08-11,33.75,92.58333333,153.5833333,0
2015-08-12,37.75,129.3333333,181.3333333,0
2015-08-13,13.0,84.5,184.3333333,0
2015-08-14,17.0,67.75,165.3333333,0
2015-08-15,5.0,35.0,165.3333333,0
2015-08-16,5.166666667,27.16666667,169.5,0
2015-08-17,28.5,38.66666667,140.1666667,0
2015-08-18,37.33333333,71.0,143.75,0
2015-08-29,5.0,70.83333333,111.0,0
2015-09-03,21.66666667,64.0,119.6666667,0
2015-09-11,4.0,30.66666667,106.6666667,0
2015-09-19,4.0,29.66666667,105.6666667,0
2015-09-23,4.0,12.0,104.5,0
2015-11-03,28.0,36.0,104.0,0
2015-11-19,4.0,36.0,70.66666667,0
2016-05-11,2.0,34.0,67.66666667,0
2016-06-12,5.0,11.0,51.0,0
2016-06-18,13.85714286,20.85714286,60.85714286,0
2016-06-19,5.625,24.48214286,62.48214286,0
2016-06-20,6.5,25.98214286,64.98214286,0
2016-06-21,15.0,27.125,51.98214286,0
2016-06-23,21.55555556,43.05555556,69.53769842,0
2016-06-24,11.66666667,48.22222223,79.20436509,0
2016-06-26,13.88888889,47.11111112,88.09325398,0
2016-06-27,7.666666667,33.22222223,81.90277779,0
2016-06-28,16.26666667,37.82222223,92.54444446,0
2016-06-29,14.53846154,38.47179488,100.582906,0
2016-06-30,18.5,49.30512821,104.082906,0
2016-07-02,19.0,52.03846154,101.5273504,0
2016-07-03,6.6,44.1,96.46068377,0
2016-07-04,14.07692308,39.67692308,96.64871796,0
2016-07-05,13.0,33.67692308,101.9820513,0
2016-07-09,26.52941176,53.60633484,112.2447964,0
2016-07-10,27.52941176,67.05882352,125.2357466,0
2016-07-11,10.81818182,64.87700534,117.5539284,0
2016-07-12,5.866666667,44.21426025,104.4205951,0
2016-07-13,27.58823529,44.27308378,125.4088304,0
2016-07-14,4.142857143,37.5977591,115.4747644,0
2016-07-15,2.0,33.73109243,104.4747644,0
2016-07-16,17.82352941,23.96638655,95.76888209,0
2016-07-17,19.6,39.42352941,87.83947033,0
2016-07-18,1.8,39.22352941,78.82128851,0
2016-07-19,1.0,22.4,73.95462184,0
2016-07-24,10.9,13.7,57.26638655,0
2016-07-25,18.2,30.1,71.32352941,0
2016-07-26,13.0,42.1,82.32352941,0
2016-07-27,26.69230769,57.89230769,91.19230769,0
2016-07-28,6.823529412,46.5158371,78.4158371,0
2016-07-29,31.53846154,65.05429864,108.1542986,0
2016-07-30,19.75,58.11199095,126.9042986,0
2016-07-31,3.625,54.91346154,119.6292986,0
2016-08-01,23.2,46.575,124.6292986,0
2016-08-02,19.11764706,45.94264706,130.7469457,0
2016-08-03,21.52941176,63.84705882,125.5840498,0
2016-08-04,40.8,81.44705882,159.5605204,0
2016-08-05,10.93333333,73.26274509,138.9553922,0
2016-08-06,3.875,55.60833333,123.0803922,1
2016-08-07,44.58823529,59.39656862,164.0436274,1
2016-08-08,80.41176471,128.875,221.2553922,1
2016-08-09,23.25,148.25,225.3877451,1
2016-08-10,16.81818182,120.4799465,220.6765152,1
2016-08-11,5.066666667,45.13484849,184.9431818,0
2016-08-12,13.70588235,35.59073084,187.7157308,0
2016-08-13,14.58823529,33.36078431,198.4289661,0
2016-08-14,22.4,50.69411764,176.2407308,0
2016-08-15,3.0,39.98823529,98.82896613,0
2016-08-19,5.941176471,31.34117647,81.5201426,0
2016-08-20,37.82352941,46.76470588,102.5254902,0
2016-08-21,32.11764706,75.88235294,129.5764706,0
2016-08-22,7.352941176,77.29411765,123.2235294,0
2016-08-23,5.444444444,44.91503268,114.0797386,0
2016-08-24,16.46153846,29.25892408,108.141277,0
2016-08-25,43.0,64.9059829,148.141277,0
2016-08-28,32.52941176,91.99095022,174.7295123,0
2016-08-29,6.0,81.52941176,142.9059829,0
2016-08-31,14.0,52.52941176,124.7883358,0
2016-09-01,43.5,63.5,160.9353947,0
2016-09-02,16.6,74.1,172.0909502,0
2016-09-03,18.0,78.1,173.6294118,0
2016-09-08,20.0,54.6,150.6294118,0
2016-09-14,2.75,40.75,120.85,0
2016-09-15,6.0,28.75,120.85,0
2016-09-16,11.0,19.75,117.85,0
2016-09-17,5.0,22.0,79.35,0
2016-09-21,3.5,19.5,66.25,0
2016-09-23,2.0,10.5,50.25,0
2016-09-25,5.0,10.5,35.25,0
2016-09-28,9.5,16.5,42.0,0
2016-09-29,4.0,18.5,40.0,0
2016-10-02,3.5,17.0,32.5,0
2016-10-06,7.75,15.25,35.25,0
2016-10-07,28.0,39.25,59.75,0
2017-01-02,4.0,39.75,61.75,0
2017-01-06,4.333333333,36.33333333,61.08333333,0
2017-01-07,28.0,36.33333333,79.58333333,0
2017-01-26,3.4,35.73333333,78.98333333,0
2017-01-27,3.0,34.4,78.48333333,0
2017-03-11,3.0,9.4,73.73333333,0
2017-03-12,12.0,18.0,57.73333333,0
2017-05-22,3.0,18.0,56.73333333,0
2017-05-24,5.0,20.0,57.4,0
2017-05-26,4.0,12.0,33.4,0
2017-05-30,5.0,14.0,35.0,0
2017-06-01,6.0,15.0,38.0,0
2017-06-08,16.0,27.0,51.0,0
2017-06-09,16.6,38.6,55.6,0
2017-06-13,13.0,45.6,65.6,0
2017-06-17,7.0,36.6,67.6,0
2017-06-21,42.0,62.0,105.6,0
2017-06-22,18.66666667,67.66666667,119.2666667,0
2017-06-23,21.66666667,82.33333334,134.9333333,0
2017-06-24,5.0,45.33333334,123.9333333,0
2017-06-26,5.933333333,32.6,113.2666667,0
2017-06-27,10.66666667,21.6,110.9333333,0
2017-06-28,8.4,25.0,112.3333333,0
2017-06-29,18.1,37.16666667,88.43333334,0
2017-06-30,3.0,29.5,72.76666667,0
2017-07-01,8.0,29.1,59.1,0
2017-07-02,7.0,18.0,61.1,0
2017-07-03,9.0,24.0,64.16666667,0
2017-07-04,13.5,29.5,67.0,0
2017-07-09,8.0,30.5,66.6,0
2017-07-13,15.0,36.5,63.5,0
2017-07-14,16.33333333,39.33333333,76.83333333,0
2017-07-15,8.75,40.08333333,77.58333333,0
2017-07-16,9.142857143,34.22619047,79.72619047,0
2017-07-17,8.0,25.89285714,78.72619047,0
2017-07-18,8.2,25.34285714,73.42619047,0
2017-07-20,20.0,36.2,85.42619047,0
2017-07-21,13.95,42.15,84.37619047,0
2017-07-22,23.8,57.75,91.84285714,0
2017-07-23,17.0,54.75,100.0928571,0
2017-07-24,4.0,44.8,94.95,0
2017-07-25,2.8,23.8,89.75,0
2017-07-26,5.2,12.0,86.75,0
2017-07-27,1.714285714,9.714285714,68.46428571,0
2017-07-28,11.22222222,18.13650793,65.73650793,0
2017-07-29,38.5,51.43650793,80.43650793,0
2017-07-30,1.0,50.72222222,64.43650793,1
2017-07-31,3.0,42.5,63.43650793,0
2017-08-01,3.0,7.0,63.63650793,0
2017-08-02,6.0,12.0,64.43650793,0
2017-08-03,2.8,11.8,65.52222222,0
2017-08-08,47.0,55.8,101.3,0
2017-08-09,48.1,97.9,110.9,0
2017-08-10,18.0,113.1,127.9,0
2017-08-11,3.5,69.6,128.4,0
2017-08-15,4.0,25.5,129.4,0
2017-08-16,7.0,14.5,130.4,0
2017-08-17,12.0,23.0,139.6,0
2017-08-18,12.0,31.0,104.6,0
2017-08-19,4.0,28.0,60.5,0
2017-08-20,4.0,20.0,46.5,0
2017-08-21,7.5,15.5,50.5,0
2017-08-22,3.666666667,15.16666667,50.16666667,0
2017-08-25,41.0,52.16666667,84.16666667,0
2017-08-26,4.25,48.91666667,76.41666667,0
2017-08-27,7.9,53.15,72.31666667,0
2017-08-28,3.0,15.15,71.31666667,0
2017-08-29,2.833333333,13.73333333,70.15,0
2017-08-30,5.0,10.83333333,67.65,0
2017-08-31,7.333333333,15.16666667,71.31666667,0
2017-09-04,2.0,14.33333333,32.31666667,0
2017-09-11,4.5,13.83333333,32.56666667,0
2017-09-12,16.4,22.9,41.06666667,0
2017-09-13,18.57142857,39.47142857,56.63809524,0
2017-09-14,10.5,45.47142857,64.3047619,0
2017-09-15,2.666666667,31.73809524,61.97142857,0
2017-09-17,3.0,16.16666667,57.63809524,0
2017-09-22,2.666666667,8.333333334,58.3047619,0
2017-09-23,2.5,8.166666667,56.3047619,0
2017-11-17,3.0,8.166666667,42.9047619,0
2017-12-06,3.0,8.5,27.33333333,0
2017-12-07,5.0,11.0,21.83333333,0
2017-12-12,1.0,9.0,20.16666667,0
2018-05-05,2.333333333,8.333333333,19.5,0
2018-05-07,2.5,5.833333333,19.33333333,0
2018-05-14,12.0,16.83333333,28.83333333,0
2018-05-15,1.666666667,16.16666667,27.5,0
2018-05-31,2.0,15.66666667,26.5,0
2018-06-09,2.0,5.666666667,23.5,0
2018-06-11,2.0,6.0,24.5,0
2018-06-12,1.0,5.0,23.16666667,0
2018-06-19,2.5,5.5,23.16666667,0
2018-06-20,13.5,17.0,24.66666667,0
2018-06-23,10.0,26.0,33.0,0
2018-06-24,16.25,39.75,47.25,0
2018-06-26,11.0,37.25,56.25,0
2018-06-27,16.375,43.625,70.625,0
2018-06-28,3.4,30.775,73.025,0
2018-06-29,17.5,37.275,88.025,0
2018-06-30,23.0,43.9,97.525,0
2018-07-06,14.0,54.5,101.525,0
2018-07-07,5.2,42.2,90.475,0
2018-07-08,2.0,21.2,81.475,0
2018-07-09,5.0,12.2,70.1,0
2018-07-10,9.5,16.5,76.2,0
2018-07-11,27.75,42.25,86.45,0
2018-07-12,19.5,56.75,82.95,0
2018-07-13,15.33333333,62.58333333,84.28333333,0
2018-07-14,16.875,51.70833333,95.95833333,0
2018-07-15,10.11111111,42.31944444,104.0694444,0
2018-07-17,11.22222222,38.20833333,110.2916667,0
2018-07-18,3.6,24.93333333,104.3916667,0
2018-07-19,23.22222222,38.04444444,99.86388888,0
2018-07-20,64.77777778,91.6,145.1416667,0
2018-07-21,10.75,98.75,140.5583333,0
2018-07-22,14.11111111,89.63888889,137.7944444,0
2018-07-23,23.33333333,48.19444444,151.0166667,0
2018-07-24,25.11111111,62.55555555,164.9055556,0
2018-07-25,6.25,54.69444444,167.5555556,0
2018-07-26,20.0,51.36111111,164.3333333,0
2018-07-27,2.0,28.25,101.5555556,0
2018-08-07,9.0,31.0,99.80555555,0
2018-08-08,13.375,24.375,99.06944444,0
2018-08-09,9.5,31.875,85.23611111,0
2018-08-10,14.42857143,37.30357143,74.55357143,0
2018-08-11,10.125,34.05357143,78.42857143,0
2018-08-15,2.0,26.55357143,60.42857143,0
2018-08-16,10.8,22.925,69.22857143,0
2018-08-17,6.0,18.8,66.22857143,0
2018-08-18,9.166666667,25.96666667,62.0202381,0
2018-08-19,20.33333333,35.5,72.85357143,0
2018-08-20,18.625,48.125,77.05,0
2018-08-21,52.75,91.70833333,119.675,0
2018-08-22,73.42857143,144.8035714,191.1035714,0
2018-08-23,17.28571429,143.4642857,197.5892857,0
2018-08-24,7.0,97.71428572,198.5892857,0
2018-08-25,1.0,25.28571429,190.4226191,0
2018-08-27,4.0,12.0,174.0892857,0
2018-08-28,9.0,14.0,164.4642857,0
2018-08-29,7.833333333,20.83333333,119.5476191,0
2018-08-31,3.0,19.83333333,49.11904762,0
2018-09-01,9.0,19.83333333,40.83333333,0
2018-09-02,8.5,20.5,42.33333333,0
2018-09-03,13.0,30.5,54.33333333,0
2018-09-04,19.33333333,40.83333333,69.66666666,0
2018-09-05,8.625,40.95833333,69.29166666,0
2018-09-06,11.5,39.45833333,72.95833333,0
2018-09-07,6.25,26.375,76.20833333,0
2018-09-08,53.5,71.25,120.7083333,1
2018-09-09,32.55555556,92.30555556,144.7638889,1
2018-09-10,7.0,93.05555556,138.7638889,1
2018-09-11,3.25,42.80555556,122.6805556,0
2018-09-12,17.6,27.85,131.6555556,0
2018-09-13,71.0,91.85,191.1555556,0
2018-09-14,21.0,109.6,205.9055556,0
2018-09-15,14.0,106.0,166.4055556,0
2018-09-16,9.0,44.0,142.85,0
2018-09-22,16.14285714,39.14285714,151.9928571,0
2018-09-23,9.125,34.26785714,157.8678571,0
2018-09-24,5.875,31.14285714,146.1428571,0
2018-09-27,2.0,17.0,77.14285714,0
2018-09-28,21.0,28.875,77.14285714,0
2018-09-30,1.0,24.0,64.14285714,0
2019-02-14,8.5,30.5,63.64285714,0
2019-04-08,4.0,13.5,51.5,0
2019-04-16,6.444444444,18.94444444,48.81944444,0
2019-04-17,28.77777778,39.22222222,71.72222222,0
2019-05-04,5.0,40.22222222,74.72222222,0
2019-05-17,2.5,36.27777778,56.22222222,0
2019-05-19,4.0,11.5,59.22222222,0
2019-06-13,3.666666667,10.16666667,54.38888889,0
2019-06-14,3.0,10.66666667,53.38888889,0
2019-06-19,30.44444444,37.11111111,77.38888889,0
2019-06-20,9.0,42.44444444,57.61111111,0
2019-06-21,18.0,57.44444444,70.61111111,0
2019-06-25,10.0,37.0,78.11111111,0
2019-06-26,9.0,37.0,83.11111111,0
2019-06-28,9.5,28.5,88.94444444,0
2019-06-29,7.6,26.1,93.54444444,0
2019-06-30,17.33333333,34.43333333,80.43333333,0
2019-07-01,16.25,41.18333333,87.68333333,0
2019-07-03,17.15714286,50.74047619,86.84047619,0
2019-07-04,22.77777778,56.18492064,99.61825397,0
2019-07-05,35.22222222,75.15714286,125.8404762,0
2019-07-06,38.77777778,96.77777778,155.118254,0
2019-07-07,15.125,89.125,162.643254,0
2019-07-08,17.875,71.77777778,163.1849206,0
2019-07-09,11.2,44.2,158.1349206,0
2019-07-19,13.0,42.075,153.9777778,0
2019-07-20,13.0,37.2,144.2,0
2019-07-21,32.0,58.0,140.9777778,0
2019-07-22,2.0,47.0,104.2,0
2019-07-25,39.75,73.75,128.825,0
2019-07-26,36.14285714,77.89285714,147.0928571,0
2019-07-27,38.44444444,114.3373016,174.3373016,0
2019-07-28,46.0,120.5873016,207.3373016,0
2019-07-29,7.0,91.44444444,201.3373016,0
2019-07-30,8.25,61.25,177.5873016,0
2019-07-31,10.5,25.75,186.0873016,0
2019-08-01,30.5,49.25,176.8373016,0
2019-08-02,6.571428571,47.57142857,147.265873,0
2019-08-03,9.5,46.57142857,118.3214286,0
2019-08-04,8.2,24.27142857,80.52142857,0
2019-08-05,25.375,43.075,98.89642857,0
2019-08-06,20.25,53.825,110.8964286,0
2019-08-07,42.0,87.625,142.3964286,0
2019-08-08,9.428571429,71.67857143,121.325,0
2019-08-09,18.625,70.05357143,133.3785714,0
2019-08-10,11.55555556,39.60912699,135.434127,0
2019-08-11,3.0,33.18055556,130.234127,0
2019-08-12,5.0,19.55555556,109.859127,0
2019-08-13,4.25,12.25,93.85912699,0
2019-08-14,12.77777778,22.02777778,64.63690477,0
2019-08-15,135.0,152.0277778,190.2083333,1
2019-08-16,90.66666667,238.4444445,262.25,1
2019-08-17,22.0,247.6666667,272.6944445,0
2019-08-18,9.5,122.1666667,279.1944445,0
2019-08-19,27.5,59.0,301.6944445,0
2019-08-20,3.5,40.5,300.9444445,0
2019-08-22,7.5,38.5,295.6666667,0
2019-08-23,9.2,20.2,169.8666667,0
2019-08-24,2.0,18.7,81.2,0
2019-08-25,24.22222222,35.42222222,83.42222222,0
2019-08-26,26.0,52.22222222,99.92222222,0
2019-08-27,16.0,66.22222222,88.42222222,0
2019-08-28,17.625,59.625,102.5472222,0
2019-08-29,14.0,47.625,109.0472222,0
2019-08-30,18.22222222,49.84722222,118.0694444,0
2019-08-31,13.0,45.22222222,129.0694444,0
2019-09-01,8.0,39.22222222,112.8472222,0
2019-09-02,17.16666667,38.16666667,104.0138889,0
2019-09-03,10.0,35.16666667,98.01388889,0
2019-09-05,7.75,34.91666667,88.13888889,0
2019-09-06,12.0,29.75,86.13888889,0
2019-09-07,14.5,34.25,82.41666667,0
2019-09-08,10.0,36.5,79.41666667,0
2019-09-09,33.5,58.0,104.9166667,0
2019-09-10,9.0,52.5,96.75,0
2019-09-11,4.0,46.5,90.75,0
2019-09-12,12.0,25.0,95.0,0
2019-09-13,41.11111111,57.11111111,124.1111111,0
2019-09-14,32.44444444,85.55555555,142.0555556,1
2019-09-15,24.55555556,98.11111111,156.6111111,1
2019-09-16,27.55555556,84.55555556,150.6666667,1
2019-09-18,4.666666667,56.77777779,146.3333333,0
2019-09-21,23.0,55.22222223,165.3333333,0
2019-09-22,17.28571429,44.95238096,170.6190476,0
2019-09-23,7.0,47.28571429,136.5079365,0
2019-09-24,12.5,36.78571429,116.5634921,0
2019-09-25,1.5,21.0,93.50793652,0
2019-09-26,28.25,42.25,94.20238096,0
2019-09-27,6.8,36.55,96.33571429,0
2019-09-28,22.77777778,57.82777778,96.11349207,0
2019-09-29,21.6,51.17777778,100.4277778,0
2019-09-30,9.5,53.87777778,102.9277778,0
2019-10-01,1.666666667,32.76666667,92.09444445,0
2019-10-02,29.33333333,40.5,119.9277778,0
2019-10-03,4.0,35.0,95.67777778,0
2019-10-04,5.0,38.33333333,93.87777778,0
2019-11-03,5.2,14.2,76.3,0
2019-11-05,4.5,14.7,59.2,0
2019-11-08,3.666666667,13.36666667,53.36666666,0
2019-12-24,3.0,11.16666667,54.7,0
2020-01-16,5.125,11.79166667,30.49166667,0
2020-03-01,1.5,9.625,27.99166667,0
2020-03-04,2.0,8.625,24.99166667,0
2020-03-06,1.0,4.5,20.79166667,0
2020-03-26,3.6,6.6,19.89166667,0
2020-03-27,16.22222222,20.82222222,32.44722222,0
2020-03-28,2.0,21.82222222,31.44722222,0
2020-05-05,2.0,20.22222222,28.32222222,0
2020-05-07,2.5,6.5,29.32222222,0
2020-05-14,12.0,16.5,39.32222222,0
2020-05-15,1.666666667,16.16666667,39.98888889,0
2020-05-31,5.0,18.66666667,41.38888889,0
2020-06-02,7.0,13.66666667,32.16666667,0
2020-06-03,3.0,15.0,33.16666667,0
2020-06-04,2.0,12.0,33.16666667,0
2020-06-06,9.0,14.0,39.66666667,0
2020-06-07,4.0,15.0,31.66666667,0
2020-06-08,2.0,15.0,32.0,0
2020-06-09,4.0,10.0,31.0,0
2020-06-10,1.0,7.0,25.0,0
2020-06-11,9.25,14.25,31.25,0
2020-06-12,21.0,31.25,50.25,0
2020-06-14,3.0,33.25,44.25,0
2020-06-15,1.6,25.6,41.85,0
2020-06-17,2.5,7.1,42.35,0
2020-06-18,4.0,8.1,42.35,0
2020-06-20,39.0,45.5,80.35,0
2020-06-21,6.0,49.0,77.1,0
2020-06-22,18.0,63.0,74.1,0
2020-06-23,7.0,31.0,78.1,0
2020-06-24,17.375,42.375,93.875,0
2020-06-25,8.6,32.975,99.975,0
2020-06-26,5.5,31.475,101.475,0
2020-06-27,15.0,29.1,77.475,0
2020-06-28,4.0,24.5,75.475,0
2020-06-30,9.5,28.5,66.975,0
2020-07-01,14.25,27.75,74.225,0
2020-07-02,1.0,24.75,57.85,0
2020-07-03,10.33333333,25.58333333,59.58333333,0
2020-07-04,16.85714286,28.19047619,70.94047619,0
2020-07-05,12.0,39.19047619,67.94047619,0
2020-07-06,18.0,46.85714286,81.94047619,0
2020-07-07,4.0,34.0,76.44047619,0
2020-07-08,3.0,25.0,65.19047619,0
2020-07-10,2.0,9.0,66.19047619,0
2020-07-13,12.33333333,17.33333333,68.19047619,0
2020-07-14,14.0,28.33333333,65.33333333,0
2020-07-15,2.0,28.33333333,55.33333333,0
2020-07-16,5.0,21.0,42.33333333,0
2020-07-17,7.571428571,14.57142857,45.9047619,0
2020-07-19,5.0,17.57142857,47.9047619,0
2020-07-20,7.333333333,19.9047619,53.23809523,0
2020-07-21,11.0,23.33333333,51.9047619,0
2020-07-22,9.0,27.33333333,46.9047619,0
2020-07-23,1.0,21.0,45.9047619,0
2020-07-24,27.125,37.125,68.0297619,0
2020-07-25,4.666666667,32.79166667,65.125,0
2020-07-26,10.0,41.79166667,70.125,0
2020-07-27,9.0,23.66666667,71.79166667,0
2020-07-28,5.666666667,24.66666667,66.45833333,0
2020-07-29,15.5,30.16666667,72.95833333,0
2020-07-30,31.11111111,52.27777778,103.0694444,0
2020-07-31,15.33333333,61.94444444,91.27777777,0
2020-08-01,8.6,55.04444444,95.21111111,0
2020-08-02,5.0,28.93333333,90.21111111,0
2020-08-03,1.5,15.1,82.71111111,0
2020-08-04,22.0,28.5,99.04444444,0
2020-08-05,5.0,28.5,88.54444444,0
2020-08-06,16.22222222,43.22222222,73.65555555,0
2020-08-07,8.222222222,29.44444444,66.54444444,0
2020-08-08,5.0,29.44444444,62.94444444,0
2020-08-09,1.5,14.72222222,59.44444444,0
2020-08-10,16.5,23.0,74.44444444,0
2020-08-11,9.375,27.375,61.81944444,0
2020-08-12,22.55555556,48.43055556,79.375,0
2020-08-13,5.75,37.68055556,68.90277778,0
2020-08-14,26.85714286,55.16269842,87.53769842,0
2020-08-15,22.85714286,55.46428572,105.3948413,0
2020-08-16,2.5,52.21428572,106.3948413,0
2020-08-17,2.0,27.35714286,91.89484128,0
2020-08-18,6.428571429,10.92857143,88.94841271,0
2020-08-19,10.625,19.05357143,77.01785715,0
2020-08-20,23.88888889,40.94246032,95.15674604,0
2020-08-21,2.2,36.71388889,70.49960318,0
2020-08-22,8.333333333,34.42222222,55.97579365,0
2020-08-23,20.11111111,30.64444444,73.58690476,0
2020-08-24,6.5,34.94444444,78.08690476,0
2020-08-25,9.625,36.23611111,81.28333333,0
2020-08-26,1.0,17.125,71.65833333,0
2020-08-28,10.0,20.625,57.76944444,0
2020-08-29,26.25,37.25,81.81944444,0
2020-08-30,17.33333333,53.58333333,90.81944444,0
2020-08-31,4.5,48.08333333,75.20833333,0
2020-09-01,1.333333333,23.16666666,70.04166666,0
2020-09-02,1.0,6.833333333,61.41666666,0
2020-09-03,5.666666667,8.0,66.08333333,0
2020-09-04,31.625,38.29166667,87.70833333,0
2020-09-05,15.25,52.54166667,76.70833333,0
2020-09-07,7.0,53.875,66.375,0
2020-09-08,10.0,32.25,71.875,0
2020-09-09,2.0,19.0,72.54166667,0
2020-09-12,1.0,13.0,72.54166667,0
2020-09-20,9.0,12.0,75.875,0
2020-09-22,5.0,15.0,49.25,0
2020-09-24,8.8,22.8,42.8,0
2020-09-27,11.55555556,25.35555556,47.35555556,0
2020-09-30,16.0,36.35555556,53.35555556,0
2020-11-16,10.0,37.55555556,61.35555556,0
2020-11-26,31.0,57.0,91.35555556,0
2020-11-27,6.25,47.25,88.60555556,0
2020-12-13,1.5,38.75,85.10555556,0
2020-12-14,1.0,8.75,77.30555556,0
2021-01-03,6.6875,9.1875,72.4375,0
2021-01-04,26.07142857,33.75892857,82.50892857,0
2021-01-08,9.166666667,41.92559524,81.67559524,0
2021-01-09,8.666666667,43.9047619,59.3422619,0
2021-03-11,1.75,19.58333333,54.8422619,0
2021-03-12,3.333333333,13.75,56.67559524,0
2021-03-13,17.66666667,22.75,73.34226191,0
2021-03-16,1.0,22.0,67.65476191,0
2021-03-23,4.0,22.66666667,45.58333334,0
2021-05-10,4.0,9.0,40.41666667,0
2021-05-11,3.5,11.5,35.25,0
2021-05-12,1.0,8.5,34.5,0
2021-05-13,2.0,6.5,33.16666667,0
2021-05-17,2.375,5.375,17.875,0
2021-05-18,7.333333333,11.70833333,24.20833333,0
2021-05-19,8.222222222,17.93055556,28.43055556,0
2021-05-20,2.0,17.55555556,26.43055556,0
2021-05-22,8.0,18.22222222,30.93055556,0
2021-05-23,10.0,20.0,39.93055556,0
2021-05-29,6.666666667,24.66666667,44.59722222,0
2021-05-30,7.0,23.66666667,49.22222222,0
2021-06-03,1.0,14.66666667,42.88888889,0
2021-06-06,5.0,13.0,39.66666667,0
2021-06-14,4.5,10.5,42.16666667,0
2021-06-15,7.285714286,16.78571429,41.45238095,0
2021-06-16,4.0,15.78571429,35.45238095,0
2021-06-17,5.666666667,16.95238095,34.45238095,0
2021-06-18,2.0,11.66666667,29.45238095,0
2021-06-21,19.2,26.86666667,47.65238095,0
2021-06-22,3.0,24.2,45.65238095,0
2021-06-23,5.0,27.2,46.15238095,0
2021-06-25,8.5,16.5,47.36666667,0
2021-06-26,18.83333333,32.33333333,62.2,0
2021-06-27,15.0,42.33333333,71.53333333,0
2021-06-29,1.0,34.83333333,70.53333333,0
2021-06-30,7.0,23.0,58.33333333,0
2021-07-01,10.0,18.0,65.33333333,0
2021-07-05,16.33333333,33.33333333,76.66666666,0
2021-07-06,16.33333333,42.66666666,84.49999999,0
2021-07-07,10.33333333,42.99999999,75.99999999,0
2021-07-09,22.5,49.16666666,83.49999999,0
2021-07-10,2.25,35.08333333,84.74999999,0
2021-07-11,13.5,38.25,91.24999999,0
2021-07-12,12.8,28.55,94.04999999,0
2021-07-13,7.0,33.3,84.71666666,0
2021-07-14,2.0,21.8,70.38333333,0
2021-07-15,6.142857143,15.14285714,66.19285714,0
2021-07-18,33.0,41.14285714,76.69285714,0
2021-07-19,30.375,69.51785714,104.8178571,0
2021-07-20,9.6,72.975,100.9178571,0
2021-07-21,3.0,42.975,91.11785714,0
2021-07-23,6.0,18.6,90.11785714,0
2021-07-24,21.33333333,30.33333333,109.4511905,0
2021-07-25,7.0,34.33333333,110.3083333,0
2021-07-26,18.66666667,47.0,95.975,0
2021-07-27,37.0,62.66666667,102.6,0
2021-07-28,46.33333333,102.0,139.3333333,0
2021-07-29,1.75,85.08333333,138.0833333,0
2021-07-30,3.2,51.28333333,135.2833333,0
2021-07-31,29.44444444,34.39444444,143.3944444,0
2021-08-01,68.66666667,101.3111111,205.0611111,0
2021-08-02,51.44444444,149.5555556,237.8388889,0
2021-08-03,83.22222222,203.3333333,284.0611111,1
2021-08-04,131.2222222,265.8888889,368.95,1
2021-08-05,64.33333333,278.7777778,431.5333333,1
2021-08-06,24.88888889,220.4444444,453.2222222,1
2021-08-07,73.66666667,162.8888889,497.4444444,1
2021-08-08,4.285714286,102.8412698,433.063492,0
2021-08-09,59.2,137.152381,440.8190476,0
2021-08-10,9.5,72.98571429,367.0968254,0
2021-08-11,17.0,85.7,252.8746032,0
2021-08-20,11.66666667,38.16666667,200.2079365,0
2021-08-21,11.25,39.91666667,186.5690476,0
2021-08-22,28.0,50.91666667,140.902381,0
2021-08-23,8.333333333,47.58333333,144.95,0
2021-08-24,4.0,40.33333333,89.75,0
2021-08-30,20.0,32.33333333,100.25,0
2021-08-31,6.666666667,30.66666667,89.91666667,0
2021-09-01,10.625,37.29166667,88.875,0
2021-09-02,9.5,26.79166667,87.125,0
2021-09-03,10.66666667,30.79166667,69.79166667,0
2021-09-06,3.0,23.16666667,64.45833334,0
2021-09-07,15.0,28.66666667,75.45833334,0
2021-09-08,4.333333333,22.33333333,59.79166667,0
2021-09-09,9.25,28.58333333,62.375,0
2021-09-10,21.16666667,34.75,72.91666667,0
2021-09-11,31.25,61.66666667,94.66666667,0
2021-09-12,8.833333333,61.25,92.83333334,0
2021-09-13,6.666666667,46.75,96.5,0
2021-09-14,10.0,25.5,91.5,0
2021-09-15,8.4,25.06666667,95.56666667,0
2021-09-16,11.33333333,29.73333333,97.65,0
2021-09-18,7.888888889,27.62222222,84.37222222,0
2021-09-19,34.33333333,53.55555555,87.45555555,0
2021-09-20,4.75,46.97222222,83.37222222,0
2021-09-21,4.666666667,43.75,81.37222222,0
2021-09-22,3.8,13.21666667,75.17222222,0
2021-09-23,8.0,16.46666667,74.77222222,0
2021-09-24,19.75,31.55,83.18888889,0
2021-09-25,15.5,43.25,90.8,0
2021-09-26,22.5,57.75,78.96666667,0
2021-09-27,10.375,48.375,84.59166667,0
2021-09-28,18.33333333,51.20833333,98.25833333,0
2021-09-29,3.5,32.20833333,97.95833333,0
2021-09-30,2.0,23.83333333,91.95833333,0
2021-10-01,21.8,27.3,94.00833333,0
2021-10-02,4.333333333,28.13333333,82.84166666,0
2021-10-03,14.125,40.25833333,74.46666666,0
2021-10-06,14.0,32.45833333,78.09166666,0
2021-10-18,35.625,63.75,95.38333333,0
2021-10-20,7.0,56.625,98.88333333,0
2021-11-19,36.22222222,78.84722222,133.1055556,0
2021-11-20,10.55555556,53.77777778,121.8611111,0
2021-11-21,3.0,49.77777778,120.5277778,0
2021-12-02,1.0,14.55555556,107.4027778,0
2021-12-03,2.0,6.0,95.40277778,0
2021-12-28,17.44444444,20.44444444,77.22222222,0
2021-12-29,2.285714286,21.73015873,72.50793651,0
2022-01-06,5.25,24.98015873,41.53571429,0
2022-01-07,4.333333333,11.86904762,35.31349206,0
2022-01-08,10.375,19.95833333,42.68849206,0
2022-01-09,1.0,15.70833333,42.68849206,0
2022-01-22,1.5,12.875,42.18849206,0
2022-03-09,4.5,7.0,29.24404762,0
2022-03-10,3.5,9.5,30.45833333,0
2022-03-11,3.0,11.0,28.20833333,0
2022-05-23,1.0,7.5,24.875,0
2022-05-24,13.21428571,17.21428571,27.71428571,0
2022-05-25,5.25,19.46428571,31.96428571,0
2022-05-26,14.0,32.46428571,44.46428571,0
2022-06-12,1.5,20.75,41.46428571,0
2022-06-14,9.5,25.0,47.46428571,0
2022-06-15,31.0,42.0,75.46428571,0
2022-06-17,10.33333333,50.83333333,84.79761904,0
2022-06-18,13.92857143,55.26190476,85.51190476,0
2022-06-19,68.5,92.76190476,148.7619048,0
2022-06-20,31.0,113.4285714,165.7619048,0
2022-06-21,17.125,116.625,181.3869048,0
2022-06-22,6.125,54.25,178.0119048,0
2022-06-23,4.75,28.0,151.7619048,0
2022-06-24,4.5,15.375,145.9285714,0
2022-06-27,1.5,10.75,133.5,0
2022-06-28,4.0,10.0,69.0,0
2022-06-29,24.125,29.625,62.125,0
2022-06-30,6.4,34.525,51.4,0
2022-07-01,27.77777778,58.30277778,73.05277778,0
2022-07-02,35.0,69.17777778,103.3027778,0
2022-07-03,16.4,79.17777778,115.2027778,0
2022-07-04,13.83333333,65.23333333,127.5361111,0
2022-07-05,3.5,33.73333333,127.0361111,0
2022-07-06,7.833333333,25.16666666,110.7444444,0
2022-07-07,13.22222222,24.55555555,117.5666667,0
2022-07-08,20.11111111,41.16666666,109.9,0
2022-07-09,8.5,41.83333333,83.39999999,0
2022-07-10,26.83333333,55.44444444,93.83333332,0
2022-07-11,37.6,72.93333333,117.6,0
2022-07-12,31.33333333,95.76666666,145.4333333,0
2022-07-13,11.11111111,80.04444444,148.7111111,0
2022-07-14,14.875,57.31944444,150.3638889,0
2022-07-15,34.125,60.11111111,164.3777778,0
2022-07-16,13.42857143,62.42857143,169.3063492,0
2022-07-17,6.5,54.05357143,148.9730159,0
2022-07-18,4.25,24.17857143,115.6230159,0
2022-07-19,48.25,59.0,132.5396825,0
2022-07-20,21.0,73.5,142.4285714,0
2022-07-21,46.33333333,115.5833333,173.8869048,0
2022-07-22,20.0,87.33333333,159.7619048,0
2022-07-23,54.0,120.3333333,200.3333333,0
2022-07-24,19.77777778,93.77777778,213.6111111,0
2022-07-25,8.875,82.65277778,218.2361111,0
2022-07-26,30.22222222,58.875,200.2083333,0
2022-07-27,6.375,45.47222222,185.5833333,0
2022-07-28,9.666666667,46.26388889,148.9166667,0
2022-07-29,6.2,22.24166667,135.1166667,0
2022-07-30,19.28571429,35.15238096,100.402381,0
2022-08-02,13.75,39.23571429,94.37460318,0
2022-08-03,3.5,36.53571429,88.99960318,0
2022-08-05,7.0,24.25,65.77738096,0
2022-08-06,19.0,29.5,78.40238096,0
2022-08-07,7.5,33.5,76.23571429,0
2022-08-08,1.666666667,28.16666667,71.70238096,0
2022-08-10,17.88888889,27.05555556,70.30555556,0
2022-08-11,4.428571429,23.98412699,60.98412699,0
2022-08-12,71.28571429,93.60317461,128.7698413,0
2022-08-13,17.0,92.71428572,138.7698413,0
2022-08-14,5.333333333,93.61904762,125.1031746,0
2022-08-15,24.85714286,47.19047619,142.4603175,0
2022-08-16,21.33333333,51.52380952,162.1269841,0
2022-08-17,24.77777778,70.96825397,169.015873,0
2022-08-18,7.555555556,53.66666667,172.1428571,0
2022-08-20,5.5,37.83333334,106.3571429,0
2022-08-21,8.0,21.05555556,97.35714286,0
2022-08-22,160.1111111,173.6111111,252.1349206,1
2022-08-23,51.11111111,219.2222222,278.3888889,1
2022-08-24,3.444444444,214.6666667,260.5,1
2022-08-25,6.875,61.43055555,242.5972222,1
2022-08-26,2.0,12.31944444,237.0416667,1
2022-08-27,13.0,21.875,244.5416667,0
2022-08-31,4.0,19.0,240.5416667,0
2022-09-02,22.16666667,39.16666667,102.5972222,0
2022-09-03,13.33333333,39.5,64.81944444,0
2022-09-04,12.0,47.5,73.375,0
2022-09-05,8.0,33.33333333,74.5,0
2022-09-10,19.0,39.0,91.5,0
2022-09-11,27.5,54.5,106.0,0
2022-09-13,5.0,51.5,107.0,0
2022-09-14,18.0,50.5,102.8333333,0
2022-09-15,22.77777778,45.77777778,112.2777778,0
2022-09-16,17.51428571,58.29206349,117.7920635,0
2022-09-17,6.0,46.29206349,115.7920635,0
2022-09-22,3.0,26.51428571,99.79206349,0
2022-09-23,21.75,30.75,94.04206349,0
2022-09-24,38.66666667,63.41666667,127.7087302,0
2022-10-06,4.6,65.01666667,114.3087302,0
2022-10-07,7.285714286,50.55238096,98.81666667,0
2022-10-08,25.88888889,37.77460318,107.1912698,0
2022-10-09,23.0,56.17460318,124.1912698,0
2022-10-10,10.15555556,59.04444445,131.3468254,0
2022-10-11,3.0,36.15555556,112.5968254,0
2023-01-26,1.0,14.15555556,74.93015874,0
2023-01-29,3.0,7.0,73.33015874,0
2023-01-30,20.77777778,24.77777778,86.82222223,0
2023-01-31,8.0,31.77777778,68.93333334,0
2023-03-04,2.0,30.77777778,47.93333334,0
2023-03-05,3.142857143,13.14285714,40.92063492,0
2023-03-06,9.5,14.64285714,47.42063492,0
2023-03-07,7.166666667,19.80952381,53.58730159,0
2023-03-09,6.4,23.06666667,56.98730159,0
2023-03-17,2.0,15.56666667,38.20952381,0
2023-03-18,6.0,14.4,36.20952381,0
2023-03-19,6.25,14.25,40.45952381,0
2023-03-20,4.166666667,16.41666667,41.48333333,0
2023-03-21,5.0,15.41666667,36.98333333,0
2023-03-23,5.0,14.16666667,34.81666667,0
2023-03-31,1.4,11.4,29.81666667,0
2023-04-01,6.6,13.0,34.41666667,0
2023-04-27,4.0,12.0,32.41666667,0
2023-04-28,5.0,15.6,31.16666667,0
2023-04-29,5.875,14.875,32.875,0
2023-04-30,3.4,14.275,31.275,0
2023-05-01,13.11111111,22.38611111,39.38611111,0
2023-05-02,3.5,20.01111111,41.48611111,0
2023-05-03,5.0,21.61111111,39.88611111,0
2023-05-04,9.0,17.5,44.88611111,0
2023-05-07,3.0,17.0,42.88611111,0
2023-05-25,2.75,14.75,39.76111111,0
2023-05-26,8.285714286,14.03571429,44.6468254,0
2023-05-27,4.5,15.53571429,36.03571429,0
2023-05-29,12.77777778,25.56349207,45.31349207,0
2023-05-31,4.0,21.27777778,44.31349207,0
2023-06-04,4.0,20.77777778,39.31349207,0
2023-06-09,2.0,10.0,38.31349207,0
2023-06-19,20.17647059,26.17647059,55.73996266,0
2023-06-20,25.25,47.42647059,72.70424837,0
2023-06-21,19.36363636,64.79010695,87.56788473,0
2023-06-22,1.5,46.11363636,76.29010695,0
2023-06-23,2.0,22.86363636,74.29010695,0
2023-06-24,2.0,5.5,72.29010695,0
2023-06-25,18.46666667,22.46666667,88.75677362,0
2023-06-26,32.54545455,53.01212122,101.1257576,0
2023-06-27,11.375,62.38712122,87.25075758,0
2023-06-28,16.5,60.42045455,84.38712122,0
2023-06-29,19.46666667,47.34166667,102.3537879,0
2023-06-30,14.69230769,50.65897436,115.0460956,0
2023-07-01,11.21428571,45.37326007,124.2603813,0
2023-07-02,19.61538462,45.52197802,125.4090992,0
2023-07-03,4.2,35.02967033,97.06364469,0
2023-07-04,13.0,36.81538462,98.68864469,0
2023-07-05,8.0,25.2,90.18864469,0
2023-07-06,14.75,35.75,85.47197802,0
2023-07-07,12.33333333,35.08333333,83.11300366,0
2023-07-08,40.64705882,67.73039215,112.5457768,0
2023-07-09,11.0,63.98039215,103.9303922,0
2023-07-10,5.764705882,57.4117647,105.495098,0
2023-07-11,46.5,63.26470588,138.995098,0
2023-07-12,15.0,67.26470588,145.995098,0
2023-07-13,8.0,69.5,139.245098,0
2023-07-14,11.83333333,34.83333333,138.745098,0
2023-07-15,6.125,25.95833333,104.2230392,0
2023-07-16,28.47058824,46.42892157,121.6936275,0
2023-07-17,34.29411765,68.88970589,150.2230392,0
2023-07-18,31.16666667,93.93137256,134.8897059,0
2023-07-19,4.666666667,70.12745099,124.5563726,0
2023-07-20,12.6,48.43333334,129.1563726,0
2023-07-23,18.58333333,35.85,135.9063726,0
2023-07-24,17.57142857,48.7547619,147.3528011,0
2023-07-25,11.0,47.1547619,129.8822129,0
2023-07-27,14.28571429,42.85714286,109.8738095,0
2023-07-28,21.5,46.78571429,100.2071429,0
2023-07-29,19.76470588,55.55042017,115.3051821,0
2023-07-31,17.85714286,59.12184874,120.5623249,0
2023-08-01,1.0,38.62184874,102.9789916,0
2023-08-02,10.33333333,29.19047619,95.74089636,0
2023-08-03,7.0,18.33333333,91.74089636,0
2023-08-04,1.0,18.33333333,78.45518207,0
2023-08-06,9.875,17.875,66.83018207,0
2023-08-16,3.0,13.875,50.06547619,0
2023-08-17,5.0,17.875,37.20833333,0
2023-08-18,8.0,16.0,44.20833333,0
2023-08-19,3.714285714,16.71428571,37.58928571,0
2023-08-20,21.07692308,32.79120879,51.66620879,0
2023-08-21,9.615384615,34.40659341,60.28159341,0
2023-08-23,1.333333333,32.02564103,51.73992674,0
2023-09-06,5.285714286,16.23443223,54.02564103,0
2023-09-07,23.16666667,29.78571429,72.1923077,0
2023-09-08,7.222222222,35.67460318,71.41452992,0
2023-09-09,9.6,39.98888889,77.30024421,0
2023-09-10,3.0,19.82222222,59.22332113,0
2023-09-11,9.0,21.6,58.60793651,0
2023-09-12,31.75,43.75,89.02460318,0
2023-09-13,25.42857143,66.17857143,109.1674603,0
2023-09-14,1.0,58.17857143,87.00079365,0
2023-09-15,7.2,33.62857143,86.97857143,0
2023-09-16,22.0,30.2,99.37857143,0
2023-09-17,16.22222222,45.42222222,112.6007937,0
2023-09-18,4.625,42.84722222,108.2257937,0
2023-09-19,1.0,21.84722222,77.47579365,0
2023-09-20,2.0,7.625,54.04722222,0
2023-09-22,1.0,4.0,54.04722222,0
2023-09-23,8.5,11.5,55.34722222,0
2023-09-24,9.142857143,18.64285714,42.49007936,0
2023-09-25,12.0,29.64285714,38.26785714,0
2023-09-26,8.666666667,29.80952381,42.30952381,0
2023-09-27,20.0,40.66666667,61.30952381,0
2023-09-28,17.5,46.16666667,76.80952381,0
2023-11-27,2.529411765,40.02941177,78.33893558,0
2023-11-28,8.933333333,28.9627451,78.77226891,0
2023-12-04,13.23076923,24.69351433,82.860181,0
2024-06-19,4.6,26.76410256,75.460181,0
2024-06-21,1.0,18.83076923,67.79351433,0
2024-06-22,34.66666667,40.26666667,82.460181,0
2024-06-25,15.55555556,51.22222223,80.51573656,0
2024-06-26,3.0,53.22222223,80.98632479,0
2024-06-27,30.125,48.68055556,102.1779915,0
2024-06-28,12.83333333,45.95833333,101.7805556,1
2024-06-29,26.0,68.95833333,123.1805556,1
2024-06-30,8.5,47.33333333,130.6805556,0
2024-07-01,10.25,44.75,106.2638889,0
2024-07-02,13.0,31.75,103.7083333,0
2024-07-04,3.5,26.75,104.2083333,0
2024-07-05,40.88888889,57.38888889,114.9722222,0
2024-07-06,37.55555556,81.94444445,139.6944445,0
2024-07-09,2.5,80.94444445,116.1944445,0
2024-07-10,13.0,53.05555556,120.6944445,0
2024-07-11,30.0,45.5,140.4444445,0
2024-07-12,33.0,76.0,160.4444445,0
2024-07-13,14.71428571,77.71428571,171.6587302,0
2024-07-14,15.0,62.71428571,145.7698413,0
2024-07-15,12.6,42.31428571,120.8142857,0
2024-07-16,6.833333333,34.43333333,125.147619,0
2024-07-17,1.666666667,21.1,113.8142857,0
2024-07-18,11.375,19.875,95.18928571,0
2024-07-19,21.2,34.24166667,83.38928571,0
2024-07-20,12.33333333,44.90833333,81.00833333,0
2024-07-21,20.0,53.53333333,86.00833333,0
2024-07-22,15.5,47.83333333,88.90833333,0
2024-07-23,5.0,40.5,87.075,0
2024-07-24,3.2,23.7,88.60833333,0
2024-07-25,13.66666667,21.86666667,90.9,0
2024-07-26,54.66666667,71.53333334,124.3666667,0
2024-07-27,16.11111111,84.44444445,128.1444445,1
2024-07-28,54.44444444,125.2222222,162.5888889,1
2024-07-29,9.833333333,80.38888888,156.9222222,0
2024-07-30,4.666666667,68.94444444,156.5888889,0
2024-08-01,16.375,30.875,169.7638889,0
2024-08-02,24.88888889,45.93055556,180.9861111,0
2024-08-03,15.66666667,56.93055556,141.9861111,0
2024-08-04,10.66666667,51.22222223,136.5416667,0
2024-08-05,61.88888889,88.22222223,143.9861111,0
2024-08-06,12.0,84.55555556,146.1527778,0
2024-08-07,9.333333333,83.22222222,150.8194445,0
2024-08-08,4.0,25.33333333,138.4444445,0
2024-08-09,7.0,20.33333333,120.5555556,0
2024-08-10,19.28571429,30.28571429,124.1746032,0
2024-08-11,20.88888889,47.17460318,134.3968254,1
2024-08-12,18.75,58.92460318,91.25793651,1
2024-08-13,42.8,82.43888889,122.0579365,1
2024-08-14,6.833333333,68.38333333,119.5579365,1
2024-08-15,13.83333333,63.46666666,129.3912698,0
2024-08-16,39.0,59.66666666,161.3912698,0
2024-08-17,5.333333333,58.16666666,147.4388889,0
2024-08-19,29.0,73.33333333,155.55,0
2024-08-20,11.0,45.33333333,147.8,0
2024-08-21,4.5,44.5,109.5,0
2024-08-22,27.42857143,42.92857143,130.0952381,1
2024-08-23,8.333333333,40.26190476,124.5952381,1
2024-08-24,18.75,54.51190476,104.3452381,1
2024-08-25,39.0,66.08333333,138.0119048,0
2024-08-26,20.44444444,78.19444444,129.4563492,1
2024-08-27,4.428571429,63.87301587,122.8849206,0
2024-08-28,3.0,27.87301587,121.3849206,0
2024-08-30,11.0,18.42857143,104.9563492,0
2024-08-31,2.0,16.0,98.62301587,0
2024-09-01,15.5,28.5,95.37301587,0
2024-09-02,18.8,36.3,75.17301587,0
2024-09-03,4.0,38.3,58.72857143,0
2024-09-04,50.2,73.0,104.5,0
2024-09-05,45.8,100.0,147.3,0
2024-09-06,6.833333333,102.8333333,143.1333333,0
2024-09-07,18.25,70.88333333,159.3833333,0
2024-09-08,17.88888889,42.97222222,161.7722222,0
2024-09-09,10.0,46.13888889,152.9722222,0
2024-09-10,6.125,34.01388889,155.0972222,0
2024-09-11,10.5,26.625,115.3972222,0
2024-09-12,25.71428571,42.33928571,95.31150793,0
2024-09-13,48.33333333,84.54761904,136.8115079,0
2024-09-14,3.0,77.04761904,121.5615079,0
2024-09-16,1.0,52.33333333,104.672619,0
2024-09-18,6.0,10.0,100.672619,0
2024-09-27,7.0,14.0,101.547619,0
2024-09-29,1.666666667,14.66666667,92.71428571,0
